Id,Tag
80,flex
80,actionscript-3
80,air
90,svn
90,tortoisesvn
90,branch
90,branching-and-merging
120,sql
120,asp.net
120,sitemap
180,algorithm
180,language-agnostic
180,colors
180,color-space
260,c#
260,.net
260,scripting
260,compiler-construction
330,c++
330,oop
330,class
330,nested-class
470,.net
470,web-services
580,sql-server
580,sql-server-2005
580,deployment
580,release-management
650,c#
650,visual-studio
650,versioning
810,windows
810,visual-studio
810,registry
810,installation
930,c#
930,database
930,loops
930,connection
1010,c#
1010,asp.net
1040,c#
1040,file-locking
1070,unix
1070,size
1160,svn
1160,msbuild
1160,cruisecontrol.net
1180,web-applications
1180,dns
1180,subdomain
1180,account
1300,.net
1300,.net-3.5
1300,msbuild
1300,nant
1390,sql-server
1390,windows-server-2008
1600,sql-server
1600,sql-server-2008
1610,sql-server
1760,c#
1760,.net
1760,unit-testing
1760,testing
1790,svn
1790,version-control
1970,sql
1970,database
1970,postgresql
1970,stored-procedures
1970,triggers
2120,sql
2120,sql-server
2250,c#
2250,dataset
2250,datatable
2300,asp-classic
2300,vbscript
2530,html
2530,autocomplete
2540,c
2540,architecture
2540,data-structures
2550,asp.net
2550,flash
2550,video
2550,embed
2630,powershell
2630,cmdlets
2750,optimization
2750,setter
2750,getter
2750,verification
2770,winforms
2770,error-handling
2770,user-controls
2780,c#
2780,colors
